small,data,set,value
comma,separated,value,41407
comma,separated,value,13025
one,two,three,46954
this,is,pog,78528
one,two,three,17075
comma,separated,value,88992
comma,separated,value,63646
one,two,three,49952
this,is,pog,3317
comma,separated,value,19746
one,two,three,36152
this,is,pog,29905
this,is,pog,37138
one,two,three,73394
one,two,three,11484
comma,separated,value,43884
one,two,three,35916
this,is,pog,3811
this,is,pog,92381
this,is,pog,9677
comma,separated,value,71569
this,is,pog,61111
comma,separated,value,85711
one,two,three,89271
one,two,three,85861
this,is,pog,39054
one,two,three,76303
this,is,pog,94549
one,two,three,25731
comma,separated,value,52024
one,two,three,74037
comma,separated,value,73392
this,is,pog,50325
this,is,pog,18340
this,is,pog,65527
comma,separated,value,66478
comma,separated,value,11273
comma,separated,value,35296
this,is,pog,12075
this,is,pog,21185
this,is,pog,97175
one,two,three,86523
this,is,pog,33011
this,is,pog,69215
comma,separated,value,64996
comma,separated,value,4574
this,is,pog,68827
one,two,three,38729
comma,separated,value,84785
this,is,pog,53685
comma,separated,value,50268
comma,separated,value,37819
this,is,pog,65579
this,is,pog,96246
this,is,pog,74080
comma,separated,value,51055
comma,separated,value,66431
one,two,three,69501
comma,separated,value,18464
this,is,pog,44245
comma,separated,value,16078
this,is,pog,70878
comma,separated,value,79286
this,is,pog,85749
this,is,pog,4531
comma,separated,value,3944
one,two,three,22311
this,is,pog,23429
one,two,three,23592
one,two,three,57961
this,is,pog,19852
this,is,pog,79425
one,two,three,63029
comma,separated,value,15842
this,is,pog,29597
one,two,three,83037
this,is,pog,49308
this,is,pog,54824
comma,separated,value,44522
this,is,pog,99268
one,two,three,89803
this,is,pog,45890
one,two,three,71476
this,is,pog,20025
one,two,three,15822
one,two,three,63329
one,two,three,28788
comma,separated,value,97403
one,two,three,86601
this,is,pog,10460
this,is,pog,36599
one,two,three,42067
one,two,three,16724
comma,separated,value,32853
this,is,pog,38160
comma,separated,value,93117
one,two,three,93643
comma,separated,value,72005
comma,separated,value,16445
one,two,three,82272
this,is,pog,28884
one,two,three,89920
this,is,pog,35913
one,two,three,59968
comma,separated,value,21776
one,two,three,71064
one,two,three,56562
comma,separated,value,99035
comma,separated,value,31161
comma,separated,value,56283
one,two,three,33071
comma,separated,value,18848
comma,separated,value,46238
comma,separated,value,54534
one,two,three,35829
one,two,three,59858
this,is,pog,78148
comma,separated,value,41494
comma,separated,value,77439
this,is,pog,93981
comma,separated,value,56292
comma,separated,value,6930
one,two,three,97406
comma,separated,value,75467
one,two,three,64875
one,two,three,32887
one,two,three,64528
comma,separated,value,72141
this,is,pog,37717
one,two,three,58727
this,is,pog,71894
one,two,three,83762
this,is,pog,83375
one,two,three,95065
one,two,three,10766
one,two,three,28614
this,is,pog,20255
